{"cameraMode":{"drawMode":0,"name":"Shaded","section":"Shading Mode"},"sceneLighting":true,"audioPlay":false,"sceneViewState":{"showFog":true,"showMaterialUpdate":false,"showSkybox":true,"showFlares":true,"showImageEffects":true,"showParticleSystems":true},"in2DMode":false,"pivot":{"x":694.0880737304688,"y":316.1329345703125,"z":-12.585470199584961},"rotation":{"x":0.0413796529173851,"y":0.017982976511120797,"z":-0.0007479430641978979,"w":0.9989873766899109},"size":1087.2813720703125,"orthographic":true}