{"cameraMode":{"drawMode":0,"name":"Shaded","section":"Shading Mode"},"sceneLighting":true,"audioPlay":false,"sceneViewState":{"showFog":true,"showMaterialUpdate":false,"showSkybox":true,"showFlares":true,"showImageEffects":true,"showParticleSystems":true},"in2DMode":false,"pivot":{"x":267.6241149902344,"y":218.11424255371095,"z":-2.6191892623901369},"rotation":{"x":0.02875743806362152,"y":0.20690394937992097,"z":-0.006083855405449867,"w":0.9779272675514221},"size":683.3056030273438,"orthographic":true}