{"cameraMode":{"drawMode":0,"name":"Shaded","section":"Shading Mode"},"sceneLighting":false,"audioPlay":false,"sceneViewState":{"showFog":true,"showMaterialUpdate":false,"showSkybox":false,"showFlares":true,"showImageEffects":true,"showParticleSystems":true},"in2DMode":false,"pivot":{"x":1.6299999952316285,"y":0.5299999713897705,"z":-2.093498945236206},"rotation":{"x":0.3048667907714844,"y":-0.22156518697738648,"z":0.07315351814031601,"w":0.9233714938163757},"size":1.5084148645401,"orthographic":true}