{"cameraMode":{"drawMode":0,"name":"Shaded","section":"Shading Mode"},"sceneLighting":true,"audioPlay":false,"sceneViewState":{"showFog":true,"showMaterialUpdate":false,"showSkybox":true,"showFlares":true,"showImageEffects":true,"showParticleSystems":true},"in2DMode":false,"pivot":{"x":-0.3435068726539612,"y":-0.35991334915161135,"z":-2.4083163738250734},"rotation":{"x":-0.599775493144989,"y":0.09233413636684418,"z":-0.06994690746068955,"w":-0.7917410731315613},"size":7.364837169647217,"orthographic":false}