{"cameraMode":{"drawMode":0,"name":"Shaded","section":"Shading Mode"},"sceneLighting":true,"audioPlay":false,"sceneViewState":{"showFog":true,"showMaterialUpdate":false,"showSkybox":true,"showFlares":true,"showImageEffects":true,"showParticleSystems":true},"in2DMode":false,"pivot":{"x":-0.699891209602356,"y":4.948088645935059,"z":-0.6317217946052551},"rotation":{"x":0.6656756401062012,"y":4.055641100730867e-10,"z":7.774044519237578e-9,"w":0.7462418675422669},"size":12.358038902282715,"orthographic":true}