{"cameraMode":{"drawMode":0,"name":"Shaded","section":"Shading Mode"},"sceneLighting":false,"audioPlay":false,"sceneViewState":{"showFog":true,"showMaterialUpdate":false,"showSkybox":false,"showFlares":true,"showImageEffects":true,"showParticleSystems":true},"in2DMode":false,"pivot":{"x":-0.7599999904632568,"y":0.6390008926391602,"z":-1.100978970527649},"rotation":{"x":0.3014454245567322,"y":0.06287079304456711,"z":-0.019923914223909379,"w":0.951201856136322},"size":5.997419357299805,"orthographic":true}