{"cameraMode":{"drawMode":0,"name":"Shaded","section":"Shading Mode"},"sceneLighting":true,"audioPlay":false,"sceneViewState":{"showFog":true,"showMaterialUpdate":false,"showSkybox":true,"showFlares":true,"showImageEffects":true,"showParticleSystems":true},"in2DMode":false,"pivot":{"x":-2.135050058364868,"y":0.25,"z":1.8313599824905396},"rotation":{"x":0.6723482608795166,"y":-0.005543909501284361,"z":0.0050511350855231289,"w":0.7402030229568481},"size":5.097319602966309,"orthographic":true}