{"cameraMode":{"drawMode":0,"name":"Shaded","section":"Shading Mode"},"sceneLighting":false,"audioPlay":false,"sceneViewState":{"showFog":true,"showMaterialUpdate":false,"showSkybox":false,"showFlares":true,"showImageEffects":true,"showParticleSystems":true},"in2DMode":false,"pivot":{"x":-2.83713436126709,"y":0.757849931716919,"z":1.1780394315719605},"rotation":{"x":0.11426851153373718,"y":-0.8857111930847168,"z":0.31470242142677309,"w":0.3216000199317932},"size":1.2667323350906373,"orthographic":true}