{"cameraMode":{"drawMode":0,"name":"Shaded","section":"Shading Mode"},"sceneLighting":false,"audioPlay":false,"sceneViewState":{"showFog":true,"showMaterialUpdate":false,"showSkybox":false,"showFlares":true,"showImageEffects":true,"showParticleSystems":true},"in2DMode":false,"pivot":{"x":-2.819999933242798,"y":0.5299999713897705,"z":1.026500940322876},"rotation":{"x":0.4378190040588379,"y":0.17600788176059724,"z":-0.08783897757530213,"w":0.8772816061973572},"size":1.898908019065857,"orthographic":true}