{"cameraMode":{"drawMode":0,"name":"Shaded","section":"Shading Mode"},"sceneLighting":false,"audioPlay":false,"sceneViewState":{"showFog":true,"showMaterialUpdate":false,"showSkybox":false,"showFlares":true,"showImageEffects":true,"showParticleSystems":true},"in2DMode":false,"pivot":{"x":2.055541515350342,"y":0.2809999883174896,"z":1.9018057584762574},"rotation":{"x":0.6723482608795166,"y":-0.005543909501284361,"z":0.0050511350855231289,"w":0.7402030229568481},"size":1.9455366134643555,"orthographic":true}